match_id,fixture_id,arena_id,match_date,start_time,end_time,status,overtime_minutes,officials
1,2,1,2026-03-01,08:00:00,08:56:00,Played,0,"Anna Berg, Elin Norr, Petter Ahl"
2,2,2,2026-03-01,14:00:00,16:02:00,Played,0,"Elin Norr, Jonas Ek, Iris Sand"
3,6,5,2026-03-02,21:30:00,23:14:00,Postponed,120,"Oskar Ryd, Sara Vik, Lina Falk"
4,6,4,2026-03-03,06:30:00,NULL,Cancelled,NULL,"Elin Norr, Sara Vik, Maja Ros"
5,11,5,2026-03-03,10:15:00,11:37:00,Played,0,"Lina Falk, Nils Holm, Elin Norr"
6,6,1,2026-03-04,14:30:00,15:52:00,Played,0,"Iris Sand, Petter Ahl, Tom Backe"
7,8,2,2026-03-05,08:00:00,09:40:00,Played,0,"Petter Ahl, Elin Norr, Oskar Ryd"
8,2,1,2026-03-05,13:00:00,15:05:00,Played,0,"Oskar Ryd, Erik Lund, Maja Ros"
9,7,3,2026-03-06,11:45:00,14:03:00,Played,0,"Anna Berg, Jonas Ek, Elin Norr"
10,10,5,2026-03-07,15:45:00,18:03:00,Postponed,30,"Elin Norr, Anna Berg, Sara Vik"
11,4,5,2026-03-07,19:30:00,NULL,Cancelled,NULL,"Oskar Ryd, Anna Berg, Lina Falk"
12,6,4,2026-03-07,16:00:00,17:45:00,Postponed,15,"Maja Ros, Tom Backe, Petter Ahl"
13,2,5,2026-03-08,11:15:00,12:21:00,Played,0,"Jonas Ek, Iris Sand, Oskar Ryd"
14,7,2,2026-03-08,14:45:00,16:21:00,Played,0,"Jonas Ek, Erik Lund, Elin Norr"
15,6,5,2026-03-09,19:45:00,22:06:00,Played,0,"Nils Holm, Elin Norr, Tom Backe"
16,12,2,2026-03-09,15:45:00,16:58:00,Played,0,"Petter Ahl, Erik Lund, Jonas Ek"
17,6,1,2026-03-09,06:30:00,07:45:00,Postponed,60,"Oskar Ryd, Elin Norr, Maja Ros"
18,13,3,2026-03-10,11:45:00,13:48:00,Played,0,"Oskar Ryd, Anna Berg, Tom Backe"
19,1,1,2026-03-10,19:30:00,21:33:00,Played,0,"Anna Berg, Iris Sand, Jonas Ek"
20,12,1,2026-03-11,16:30:00,18:27:00,Postponed,NULL,"Maja Ros, Iris Sand, Sara Vik"
21,12,1,2026-03-11,21:00:00,22:37:00,Played,0,"Iris Sand, Oskar Ryd, Erik Lund"
22,7,4,2026-03-12,07:00:00,08:24:00,Played,0,"Elin Norr, Lina Falk, Nils Holm"
23,3,5,2026-03-13,14:15:00,15:17:00,Played,0,"Lina Falk, Nils Holm, Sara Vik"
24,12,2,2026-03-13,21:30:00,22:45:00,Played,0,"Sara Vik, Petter Ahl, Tom Backe"
25,10,3,2026-03-13,06:30:00,07:51:00,Played,0,"Nils Holm, Jonas Ek, Maja Ros"
26,13,1,2026-03-14,15:00:00,17:24:00,Played,0,"Nils Holm, Petter Ahl, Elin Norr"
27,1,4,2026-03-15,09:45:00,NULL,Cancelled,NULL,"Nils Holm, Sara Vik, Erik Lund"
28,10,3,2026-03-15,16:15:00,NULL,Cancelled,NULL,"Anna Berg, Tom Backe, Lina Falk"
29,2,4,2026-03-15,16:45:00,18:51:00,Played,0,"Elin Norr, Oskar Ryd, Sara Vik"
30,7,4,2026-03-16,20:15:00,22:42:00,Played,0,"Petter Ahl, Elin Norr, Jonas Ek"
31,5,3,2026-03-16,13:15:00,15:04:00,Postponed,45,"Maja Ros, Jonas Ek, Nils Holm"
32,13,2,2026-03-16,15:00:00,17:29:00,Played,0,"Elin Norr, Oskar Ryd, Lina Falk"
33,3,5,2026-03-17,11:30:00,13:37:00,Played,0,"Maja Ros, Oskar Ryd, Sara Vik"
34,5,1,2026-03-17,07:30:00,08:26:00,Played,0,"Elin Norr, Jonas Ek, Tom Backe"
35,7,4,2026-03-18,08:45:00,09:55:00,Played,0,"Jonas Ek, Erik Lund, Sara Vik"
36,12,1,2026-03-19,08:30:00,10:31:00,Played,0,"Nils Holm, Anna Berg, Tom Backe"
37,2,4,2026-03-19,10:15:00,11:53:00,Played,0,"Nils Holm, Tom Backe, Erik Lund"
38,11,1,2026-03-19,08:00:00,10:30:00,Postponed,120,"Lina Falk, Nils Holm, Iris Sand"
39,10,4,2026-03-20,14:30:00,16:23:00,Played,0,"Tom Backe, Iris Sand, Elin Norr"
40,5,3,2026-03-21,06:15:00,07:55:00,Played,0,"Petter Ahl, Sara Vik, Nils Holm"
41,7,4,2026-03-21,10:00:00,11:50:00,Played,0,"Anna Berg, Elin Norr, Iris Sand"
42,3,4,2026-03-21,15:00:00,16:13:00,Postponed,120,"Oskar Ryd, Iris Sand, Erik Lund"
43,12,2,2026-03-22,15:30:00,17:26:00,Played,0,"Petter Ahl, Sara Vik, Erik Lund"
44,13,3,2026-03-23,11:30:00,13:00:00,Played,0,"Erik Lund, Lina Falk, Iris Sand"
45,12,5,2026-03-23,21:15:00,22:36:00,Played,0,"Oskar Ryd, Iris Sand, Anna Berg"
46,6,5,2026-03-23,06:45:00,07:50:00,Played,0,"Anna Berg, Maja Ros, Elin Norr"
47,1,3,2026-03-24,19:15:00,20:58:00,Played,0,"Maja Ros, Petter Ahl, Sara Vik"
48,3,1,2026-03-24,10:00:00,11:22:00,Played,0,"Jonas Ek, Lina Falk, Erik Lund"
49,13,1,2026-03-24,11:15:00,12:58:00,Played,0,"Lina Falk, Tom Backe, Erik Lund"
50,1,2,2026-03-25,13:00:00,14:29:00,Played,0,"Lina Falk, Jonas Ek, Anna Berg"
51,3,5,2026-03-25,20:00:00,21:50:00,Played,0,"Elin Norr, Tom Backe, Maja Ros"
52,9,1,2026-03-26,11:30:00,12:35:00,Postponed,75,"Petter Ahl, Erik Lund, Tom Backe"
53,10,3,2026-03-26,18:45:00,20:45:00,Played,0,"Erik Lund, Nils Holm, Anna Berg"
54,5,5,2026-03-27,19:45:00,22:06:00,Postponed,30,"Lina Falk, Jonas Ek, Oskar Ryd"
55,13,1,2026-03-27,21:00:00,22:47:00,Postponed,60,"Tom Backe, Nils Holm, Sara Vik"
56,13,1,2026-03-27,07:15:00,08:44:00,Played,0,"Erik Lund, Sara Vik, Maja Ros"
57,11,5,2026-03-28,20:00:00,21:17:00,Played,0,"Oskar Ryd, Lina Falk, Jonas Ek"
58,3,5,2026-03-29,13:45:00,14:43:00,Played,0,"Oskar Ryd, Iris Sand, Nils Holm"
59,1,1,2026-03-30,21:30:00,23:09:00,Played,0,"Tom Backe, Lina Falk, Erik Lund"
60,13,2,2026-03-31,12:00:00,13:49:00,Played,0,"Anna Berg, Jonas Ek, Erik Lund"
61,10,1,2026-04-01,09:30:00,11:43:00,Postponed,NULL,"Tom Backe, Iris Sand, Jonas Ek"
62,1,4,2026-04-01,14:00:00,15:45:00,Postponed,120,"Jonas Ek, Sara Vik, Oskar Ryd"
63,4,5,2026-04-02,15:30:00,17:23:00,Played,0,"Elin Norr, Petter Ahl, Iris Sand"
64,2,5,2026-04-03,08:00:00,10:27:00,Played,0,"Jonas Ek, Iris Sand, Sara Vik"
65,7,1,2026-04-03,17:00:00,19:26:00,Postponed,90,"Jonas Ek, Lina Falk, Anna Berg"
66,2,5,2026-04-03,10:45:00,13:12:00,Played,0,"Nils Holm, Tom Backe, Maja Ros"
67,7,5,2026-04-04,11:15:00,12:32:00,Played,0,"Maja Ros, Anna Berg, Petter Ahl"
68,6,3,2026-04-05,17:00:00,17:56:00,Played,0,"Maja Ros, Erik Lund, Sara Vik"
69,4,1,2026-04-05,10:00:00,12:23:00,Played,0,"Iris Sand, Petter Ahl, Maja Ros"
70,4,2,2026-04-05,12:30:00,14:41:00,Played,0,"Tom Backe, Petter Ahl, Elin Norr"
71,7,1,2026-04-06,18:00:00,19:42:00,Played,0,"Nils Holm, Oskar Ryd, Jonas Ek"
72,11,2,2026-04-07,10:45:00,12:23:00,Played,0,"Nils Holm, Erik Lund, Anna Berg"
73,3,1,2026-04-07,17:15:00,NULL,Cancelled,NULL,"Tom Backe, Lina Falk, Anna Berg"
74,10,5,2026-04-07,16:45:00,18:17:00,Postponed,10,"Elin Norr, Nils Holm, Maja Ros"
75,6,4,2026-04-08,16:00:00,18:08:00,Played,0,"Jonas Ek, Elin Norr, Nils Holm"
76,7,1,2026-04-08,07:45:00,09:02:00,Postponed,40,"Nils Holm, Maja Ros, Iris Sand"
77,6,1,2026-04-09,16:30:00,18:21:00,Played,0,"Jonas Ek, Anna Berg, Nils Holm"
78,8,1,2026-04-09,13:45:00,15:52:00,Played,0,"Iris Sand, Elin Norr, Petter Ahl"
79,1,3,2026-04-10,15:15:00,16:53:00,Played,0,"Maja Ros, Tom Backe, Nils Holm"
80,12,1,2026-04-10,10:15:00,12:43:00,Played,0,"Elin Norr, Anna Berg, Sara Vik"
81,13,5,2026-04-10,16:45:00,18:04:00,Postponed,55,"Anna Berg, Iris Sand, Maja Ros"
82,2,1,2026-04-11,17:45:00,19:58:00,Played,0,"Oskar Ryd, Nils Holm, Anna Berg"
83,8,1,2026-04-12,07:45:00,09:34:00,Played,0,"Elin Norr, Tom Backe, Petter Ahl"
84,3,1,2026-04-13,06:15:00,07:53:00,Played,0,"Sara Vik, Petter Ahl, Iris Sand"
85,6,4,2026-04-14,15:30:00,16:40:00,Played,0,"Maja Ros, Oskar Ryd, Lina Falk"
86,5,2,2026-04-14,06:45:00,07:51:00,Postponed,90,"Iris Sand, Lina Falk, Petter Ahl"
87,10,2,2026-04-15,20:15:00,21:33:00,Played,0,"Petter Ahl, Jonas Ek, Anna Berg"
88,5,3,2026-04-15,09:30:00,10:50:00,Postponed,25,"Elin Norr, Iris Sand, Oskar Ryd"
89,6,4,2026-04-16,19:30:00,20:43:00,Played,0,"Erik Lund, Elin Norr, Sara Vik"
90,7,3,2026-04-16,07:45:00,NULL,Cancelled,NULL,"Elin Norr, Tom Backe, Erik Lund"
91,5,3,2026-04-17,13:00:00,14:51:00,Played,0,"Erik Lund, Jonas Ek, Petter Ahl"
92,10,2,2026-04-18,17:00:00,19:09:00,Played,0,"Jonas Ek, Petter Ahl, Iris Sand"
93,12,1,2026-04-19,11:30:00,13:31:00,Played,0,"Elin Norr, Sara Vik, Lina Falk"
94,9,3,2026-04-20,17:00:00,19:19:00,Played,0,"Lina Falk, Iris Sand, Petter Ahl"
95,9,4,2026-04-21,17:30:00,19:13:00,Played,0,"Tom Backe, Oskar Ryd, Maja Ros"
96,9,5,2026-04-22,16:00:00,17:57:00,Played,0,"Anna Berg, Petter Ahl, Tom Backe"
97,7,4,2026-04-23,21:00:00,23:26:00,Postponed,15,"Tom Backe, Erik Lund, Oskar Ryd"
98,3,4,2026-04-23,18:00:00,20:27:00,Played,0,"Erik Lund, Anna Berg, Jonas Ek"
99,3,5,2026-04-24,13:00:00,15:29:00,Played,0,"Nils Holm, Oskar Ryd, Petter Ahl"
100,5,1,2026-04-24,21:00:00,23:19:00,Played,0,"Petter Ahl, Lina Falk, Jonas Ek"
101,1,2,2026-04-24,20:15:00,22:17:00,Played,0,"Maja Ros, Sara Vik, Erik Lund"
102,4,2,2026-04-25,21:15:00,22:51:00,Played,0,"Anna Berg, Iris Sand, Erik Lund"
103,10,3,2026-04-25,20:30:00,22:12:00,Played,0,"Iris Sand, Maja Ros, Jonas Ek"
104,4,5,2026-04-26,12:15:00,14:45:00,Postponed,NULL,"Sara Vik, Oskar Ryd, Tom Backe"
105,4,5,2026-04-26,16:00:00,17:39:00,Played,0,"Anna Berg, Erik Lund, Lina Falk"
106,3,2,2026-04-26,13:45:00,14:58:00,Played,0,"Tom Backe, Nils Holm, Iris Sand"
107,2,4,2026-04-27,06:15:00,08:19:00,Played,0,"Anna Berg, Lina Falk, Petter Ahl"
108,9,2,2026-04-27,11:00:00,13:12:00,Played,0,"Jonas Ek, Elin Norr, Tom Backe"
109,6,1,2026-04-27,17:30:00,NULL,Cancelled,NULL,"Sara Vik, Jonas Ek, Erik Lund"
110,13,5,2026-04-28,20:15:00,22:45:00,Played,0,"Lina Falk, Maja Ros, Erik Lund"
111,12,2,2026-04-28,16:00:00,17:40:00,Played,0,"Oskar Ryd, Maja Ros, Jonas Ek"
112,3,3,2026-04-28,20:00:00,22:03:00,Played,0,"Tom Backe, Oskar Ryd, Anna Berg"
113,6,5,2026-04-29,16:30:00,17:29:00,Played,0,"Oskar Ryd, Petter Ahl, Maja Ros"
114,1,3,2026-04-30,18:45:00,20:31:00,Played,0,"Elin Norr, Iris Sand, Tom Backe"
115,5,4,2026-05-01,11:30:00,12:40:00,Played,0,"Anna Berg, Jonas Ek, Sara Vik"
116,6,4,2026-05-01,16:15:00,18:41:00,Played,0,"Nils Holm, Anna Berg, Sara Vik"
117,3,3,2026-05-02,17:15:00,19:43:00,Played,0,"Petter Ahl, Elin Norr, Jonas Ek"
118,12,2,2026-05-02,08:45:00,09:58:00,Played,0,"Nils Holm, Elin Norr, Sara Vik"
119,1,5,2026-05-02,12:15:00,14:41:00,Played,0,"Maja Ros, Jonas Ek, Tom Backe"
120,6,3,2026-05-03,09:15:00,NULL,Cancelled,NULL,"Elin Norr, Nils Holm, Lina Falk"
121,7,5,2026-05-04,08:30:00,10:12:00,Played,0,"Erik Lund, Oskar Ryd, Tom Backe"
122,5,2,2026-05-04,19:00:00,21:22:00,Postponed,NULL,"Lina Falk, Maja Ros, Sara Vik"
123,9,2,2026-05-05,17:15:00,18:22:00,Played,0,"Erik Lund, Jonas Ek, Elin Norr"
124,11,3,2026-05-06,20:00:00,21:34:00,Played,0,"Lina Falk, Jonas Ek, Elin Norr"
125,10,2,2026-05-06,19:00:00,20:53:00,Played,0,"Iris Sand, Erik Lund, Nils Holm"
126,5,4,2026-05-06,13:45:00,14:46:00,Postponed,60,"Petter Ahl, Maja Ros, Erik Lund"
127,7,1,2026-05-07,16:15:00,17:12:00,Played,0,"Lina Falk, Tom Backe, Nils Holm"
128,5,3,2026-05-07,06:30:00,07:26:00,Played,0,"Petter Ahl, Tom Backe, Oskar Ryd"
129,4,2,2026-05-08,16:15:00,18:37:00,Postponed,30,"Iris Sand, Tom Backe, Erik Lund"
130,6,5,2026-05-09,13:00:00,13:57:00,Played,0,"Elin Norr, Petter Ahl, Iris Sand"
131,10,4,2026-05-10,09:30:00,10:29:00,Played,0,"Maja Ros, Lina Falk, Anna Berg"
132,5,4,2026-05-10,12:45:00,14:09:00,Played,0,"Lina Falk, Tom Backe, Jonas Ek"
133,2,5,2026-05-11,18:15:00,19:31:00,Played,0,"Nils Holm, Maja Ros, Erik Lund"
134,6,3,2026-05-12,20:30:00,22:22:00,Played,0,"Anna Berg, Maja Ros, Sara Vik"
135,12,5,2026-05-12,09:15:00,10:17:00,Played,0,"Lina Falk, Nils Holm, Elin Norr"
136,7,4,2026-05-13,08:15:00,09:35:00,Played,0,"Lina Falk, Maja Ros, Oskar Ryd"
137,1,5,2026-05-13,10:15:00,11:44:00,Postponed,45,"Elin Norr, Lina Falk, Jonas Ek"
138,6,5,2026-05-14,06:15:00,08:36:00,Played,0,"Sara Vik, Elin Norr, Jonas Ek"
139,5,1,2026-05-14,20:45:00,22:58:00,Postponed,40,"Petter Ahl, Anna Berg, Oskar Ryd"
140,13,4,2026-05-14,09:30:00,11:10:00,Played,0,"Elin Norr, Jonas Ek, Petter Ahl"
141,5,2,2026-05-15,20:45:00,21:42:00,Played,0,"Anna Berg, Nils Holm, Lina Falk"
142,11,2,2026-05-15,20:15:00,22:30:00,Played,0,"Erik Lund, Oskar Ryd, Maja Ros"
143,4,3,2026-05-15,15:15:00,16:57:00,Played,0,"Erik Lund, Lina Falk, Maja Ros"
144,1,4,2026-05-16,15:45:00,17:16:00,Played,0,"Nils Holm, Oskar Ryd, Erik Lund"
145,12,1,2026-05-17,16:00:00,17:45:00,Played,0,"Sara Vik, Nils Holm, Tom Backe"
146,1,2,2026-05-18,19:15:00,21:27:00,Postponed,10,"Anna Berg, Oskar Ryd, Sara Vik"
147,10,5,2026-05-18,08:30:00,09:44:00,Played,0,"Maja Ros, Erik Lund, Jonas Ek"
148,13,4,2026-05-19,09:00:00,10:47:00,Postponed,120,"Erik Lund, Nils Holm, Anna Berg"
149,4,4,2026-05-20,17:15:00,18:49:00,Played,0,"Petter Ahl, Jonas Ek, Sara Vik"
150,10,1,2026-05-20,17:30:00,18:54:00,Played,0,"Petter Ahl, Elin Norr, Anna Berg"
151,7,2,2026-05-20,07:45:00,08:47:00,Played,0,"Elin Norr, Tom Backe, Nils Holm"
152,6,5,2026-05-21,06:15:00,07:26:00,Played,0,"Nils Holm, Lina Falk, Tom Backe"
153,8,3,2026-05-21,13:45:00,15:22:00,Played,0,"Jonas Ek, Petter Ahl, Nils Holm"
154,8,2,2026-05-22,12:00:00,13:33:00,Postponed,75,"Lina Falk, Iris Sand, Sara Vik"
155,1,4,2026-05-22,15:15:00,16:21:00,Played,0,"Iris Sand, Lina Falk, Maja Ros"
156,13,5,2026-05-23,12:45:00,14:41:00,Played,0,"Jonas Ek, Anna Berg, Iris Sand"
157,8,5,2026-05-24,07:00:00,08:37:00,Postponed,NULL,"Tom Backe, Lina Falk, Jonas Ek"
158,1,3,2026-05-24,20:15:00,22:42:00,Played,0,"Nils Holm, Lina Falk, Tom Backe"
159,13,3,2026-05-24,11:15:00,12:38:00,Played,0,"Sara Vik, Anna Berg, Iris Sand"
160,5,2,2026-05-25,14:15:00,16:15:00,Played,0,"Iris Sand, Lina Falk, Tom Backe"
161,4,2,2026-05-25,11:00:00,13:14:00,Played,0,"Sara Vik, Lina Falk, Erik Lund"
162,4,4,2026-05-25,09:30:00,11:36:00,Played,0,"Iris Sand, Erik Lund, Anna Berg"
163,4,4,2026-05-26,20:45:00,21:42:00,Played,0,"Anna Berg, Nils Holm, Elin Norr"
164,11,4,2026-05-27,19:15:00,21:31:00,Postponed,40,"Sara Vik, Petter Ahl, Erik Lund"
165,2,3,2026-05-27,08:30:00,10:27:00,Played,0,"Petter Ahl, Maja Ros, Erik Lund"
166,3,1,2026-05-27,13:30:00,15:52:00,Played,0,"Petter Ahl, Anna Berg, Jonas Ek"
167,13,1,2026-05-28,19:00:00,19:58:00,Played,0,"Maja Ros, Nils Holm, Iris Sand"
168,8,3,2026-05-28,08:15:00,09:58:00,Played,0,"Erik Lund, Oskar Ryd, Lina Falk"
169,9,1,2026-05-29,06:15:00,07:37:00,Played,0,"Iris Sand, Oskar Ryd, Maja Ros"
170,11,1,2026-05-29,17:15:00,18:12:00,Postponed,40,"Erik Lund, Sara Vik, Anna Berg"
171,9,4,2026-04-07,19:00:00,20:09:00,Played,0,"Erik Lund, Sara Vik, Maja Ros"
172,1,1,2026-05-17,10:45:00,13:11:00,Played,0,"Nils Holm, Petter Ahl, Erik Lund"
