profile_id,spectator_id,age,country,loyalty,segment,signup_date
1,1,40,Danmark,Member,Student,2023-10-19
2,2,42,Sverige,Non-Member,Private,2024-04-29
3,3,22,Sverige,Member,Company,2024-06-20
4,4,NULL,Tyskland,Member,Student,2023-11-27
5,5,71,Sverige,Member,Private,2024-06-27
6,6,52,Sverige,Member,Private,2024-01-15
7,7,72,Sverige,Non-Member,Private,2024-12-09
8,9,46,Sverige,Non-Member,Private,2023-05-06
9,10,68,Sverige,Member,Student,2023-05-15
10,11,31,Sverige,Member,Student,2024-07-05
11,12,56,Sverige,Non-Member,Private,2024-10-22
12,13,32,Sverige,Member,Private,2023-12-11
13,14,65,Norge,Non-Member,Student,2024-01-02
14,15,NULL,Sverige,Okänd,Private,2024-03-19
15,16,59,Sverige,Non-Member,Private,2025-01-10
16,17,18,Tyskland,Okänd,Company,2025-07-05
17,20,53,Sverige,Member,Company,2024-11-10
18,21,48,Finland,Member,Private,2024-07-21
19,23,19,Sverige,Member,Company,2024-07-01
20,24,30,Sverige,Okänd,Student,2025-05-17
21,25,36,Tyskland,Non-Member,Private,2023-12-23
22,26,73,Sverige,Non-Member,Private,2025-01-04
23,27,30,Danmark,Non-Member,Private,2025-01-14
24,28,56,Norge,Member,Private,2023-11-05
25,29,NULL,Sverige,Member,Student,2023-01-02
26,32,48,Norge,Member,Student,2023-09-21
27,33,68,Sverige,Non-Member,Student,2024-04-23
28,34,57,Sverige,Non-Member,Student,2024-10-17
29,35,41,Sverige,Member,Student,2025-07-20
30,36,70,Sverige,Member,Student,2025-05-15
31,37,22,Sverige,Member,Private,2024-09-07
32,39,49,Sverige,Non-Member,Student,2025-05-08
33,40,NULL,Danmark,Member,Student,2025-06-08
34,42,52,Danmark,Member,Private,2025-04-22
35,43,50,Sverige,Member,Company,2025-08-12
36,44,27,Norge,Non-Member,Company,2025-04-02
37,46,64,Sverige,Non-Member,Student,2024-12-30
38,47,20,Norge,Non-Member,Private,2023-07-04
39,48,60,Sverige,Non-Member,Private,2023-06-11
40,49,57,Tyskland,Member,Private,2025-08-12
41,50,49,Okänd,Member,Private,2024-07-08
42,51,22,Sverige,Non-Member,Company,2025-04-30
43,52,78,Okänd,Non-Member,Student,2023-08-30
44,54,30,Sverige,Member,Student,2023-09-01
45,55,56,Sverige,Member,Private,2023-05-19
46,56,30,Sverige,Member,Student,2024-11-21
47,57,77,Okänd,Member,Company,2025-04-05
48,58,65,Finland,Member,Private,2023-09-28
49,59,23,Sverige,Non-Member,Company,2024-02-12
50,60,50,Sverige,Member,Student,2025-04-11
51,61,36,Finland,Non-Member,Company,2024-11-26
52,62,38,Sverige,Okänd,Student,2023-06-20
53,63,76,Sverige,Okänd,Student,2024-07-03
54,64,69,Sverige,Member,Private,2024-03-07
55,65,39,Norge,Non-Member,Company,2023-11-10
56,66,32,Tyskland,Member,Company,2025-05-29
57,67,61,Sverige,Non-Member,Student,2023-02-04
58,68,33,Norge,Member,Company,2025-03-18
59,69,46,Tyskland,Non-Member,Company,2023-12-23
60,73,36,Okänd,Non-Member,Student,2024-10-13
61,74,21,Sverige,Member,Private,2025-02-18
62,75,59,Sverige,Non-Member,Private,2025-03-31
63,76,75,Sverige,Member,Company,2025-06-04
64,77,21,Danmark,Non-Member,Company,2024-09-10
65,78,46,Norge,Non-Member,Company,2025-01-26
66,79,30,Sverige,Okänd,Private,2023-10-03
67,80,50,Sverige,Okänd,Private,2024-09-18
68,81,47,Sverige,Non-Member,Private,2024-05-03
69,82,78,Sverige,Non-Member,Student,2025-06-24
70,83,78,Sverige,Non-Member,Company,2025-09-18
71,84,45,Sverige,Non-Member,Student,2025-01-26
72,85,56,Sverige,Member,Private,2023-04-02
73,86,62,Danmark,Member,Private,2024-09-21
74,87,30,Sverige,Member,Private,2023-12-12
75,88,45,Sverige,Non-Member,Company,2024-07-24
76,89,57,Danmark,Non-Member,Private,2023-09-26
77,90,25,Sverige,Member,Student,2024-03-24
78,92,44,Sverige,Non-Member,Private,2024-12-29
79,93,74,Sverige,Member,Company,2024-06-11
80,94,70,Finland,Member,Private,2025-02-21
