spectator_id,first_name,last_name,email,phone,country
1,Vera,Lund,vera.lund@example.com,+46709394454,Norge
2,Klara,Kowalski,klara.kowalski@example.com,+46710699452,Tyskland
3,Omar,Larsson,omar.larsson@example.com,+46769167700,Danmark
4,Klara,Korhonen,klara.korhonen@example.com,+46733391494,Sverige
5,Erik,Ahmed,erik.ahmed@example.com,+46723354783,Tyskland
6,Lars,Novak,lars.novak@example.com,+46705795210,Sverige
7,Amina,Persson,amina.persson@example.com,+46768277928,Norge
8,Oskar,Novak,oskar.novak@example.com,+46701594851,Danmark
9,Anton,Lund,anton.lund@example.com,+46708773588,NULL
10,Mette,Svensson,mette.svensson@example.com,+46716289776,Finland
11,Sara,Nielsen,sara.nielsen@example.com,+46760570267,NULL
12,Tuva,Novak,tuva.novak@example.com,+46757820203,Sverige
13,Signe,Makinen,signe.makinen@example.com,+46724251170,Tyskland
14,Elin,Jensen,elin.jensen@example.com,+46716054449,Nederlanderna
15,Hans,Korhonen,hans.korhonen@example.com,+46748847030,Nederlanderna
16,Anton,Berg,anton.berg@example.com,+46724472620,Nederlanderna
17,Sara,Larsson,sara.larsson@example.com,+46759002291,Tyskland
18,Rasmus,Muller,rasmus.muller@example.com,NULL,Norge
19,Leyla,Olsson,leyla.olsson@example.com,+46700547878,Sverige
20,Lars,Dahl,lars.dahl@example.com,+46761071964,Danmark
21,Moa,Backman,moa.backman@example.com,+46740354918,Finland
22,Viktor,Backman,viktor.backman@example.com,+46720002520,Finland
23,Sara,Haddad,sara.haddad@example.com,NULL,Finland
24,Mette,Backman,mette.backman@example.com,+46759940854,Nederlanderna
25,Samir,Lindqvist,samir.lindqvist@example.com,+46700780018,Norge
26,Aino,Hansen,aino.hansen@example.com,+46736509645,Tyskland
27,Jasmin,Eriksson,jasmin.eriksson@example.com,+46767920648,Tyskland
28,Amina,Kowalski,amina.kowalski@example.com,+46711954405,Sverige
29,Erik,Lindqvist,erik.lindqvist@example.com,+46765689732,Danmark
30,Lena,Larsson,lena.larsson@example.com,+46763471555,Nederlanderna
31,Maria,Andersson,maria.andersson@example.com,+46758995215,Nederlanderna
32,Milo,Korhonen,milo.korhonen@example.com,+46759457082,Nederlanderna
33,Karl,Haddad,karl.haddad@example.com,+46738859710,Danmark
34,Nils,Berg,nils.berg@example.com,+46758967521,Sverige
35,Ida,Gustafsson,ida.gustafsson@example.com,+46702212498,Finland
36,Viktor,Andersson,viktor.andersson@example.com,+46704288982,Sverige
37,Hans,Lund,hans.lund@example.com,+46758056603,Finland
38,Tuva,Lindqvist,tuva.lindqvist@example.com,+46706098446,Nederlanderna
39,Ida,Kowalski,ida.kowalski@example.com,NULL,Norge
40,Rasmus,Karlsson,rasmus.karlsson@example.com,+46700373466,Finland
41,Elin,Eriksson,elin.eriksson@example.com,+46769424605,Sverige
42,Aino,Makinen,aino.makinen@example.com,+46716291384,Finland
43,Hans,Andersson,hans.andersson@example.com,+46711856452,Nederlanderna
44,Rasmus,Persson,rasmus.persson@example.com,+46730308134,Danmark
45,Mette,Olsson,mette.olsson@example.com,+46716556732,Nederlanderna
46,Omar,Nielsen,omar.nielsen@example.com,+46741588076,Finland
47,Samir,Lindqvist,samir.lindqvist@example.com,+46700929210,Sverige
48,Oskar,Lund,oskar.lund@example.com,+46764062013,Norge
49,Hans,Svensson,hans.svensson@example.com,+46723669738,Finland
50,Omar,Jensen,omar.jensen@example.com,+46705542784,Tyskland
51,Samir,Hansen,samir.hansen@example.com,+46730707750,Sverige
52,Ida,Nilsson,ida.nilsson@example.com,+46747884333,Tyskland
53,Sara,Lund,sara.lund@example.com,+46749859962,Danmark
54,Moa,Dahl,moa.dahl@example.com,+46703851035,Danmark
55,Oskar,Hansen,oskar.hansen@example.com,+46766111936,Sverige
56,Kari,Gustafsson,kari.gustafsson@example.com,+46728511323,Finland
57,Anna,Persson,anna.persson@example.com,+46706961959,Danmark
58,Hans,Ahmed,hans.ahmed@example.com,+46703561681,Norge
59,Moa,Persson,moa.persson@example.com,+46738205182,Finland
60,Kari,Nielsen,kari.nielsen@example.com,+46757860772,Finland
61,Mette,Dahl,mette.dahl@example.com,+46737993659,Sverige
62,Moa,Ahmed,moa.ahmed@example.com,+46759546520,Nederlanderna
63,Alva,Andersson,alva.andersson@example.com,+46734386661,Nederlanderna
64,Milo,Virtanen,milo.virtanen@example.com,+46758765306,Tyskland
65,Tuva,Schmidt,tuva.schmidt@example.com,+46746432600,Tyskland
66,Rasmus,Rossi,rasmus.rossi@example.com,+46742020744,Tyskland
67,Viktor,Gustafsson,viktor.gustafsson@example.com,+46700816265,Sverige
68,Hans,Andersson,hans.andersson@example.com,+46724957147,Tyskland
69,Elin,Andersson,elin.andersson@example.com,+46766475454,Norge
70,Milo,Muller,milo.muller@example.com,NULL,Danmark
71,Anna,Nielsen,anna.nielsen@example.com,+46767799911,Finland
72,Anna,Backman,anna.backman@example.com,+46751087829,Finland
73,Aino,Haddad,aino.haddad@example.com,+46727601850,Norge
74,Filip,Svensson,filip.svensson@example.com,+46701869288,Danmark
75,Ida,Backman,ida.backman@example.com,+46745039638,Sverige
76,Nora,Persson,nora.persson@example.com,+46738562411,Danmark
77,Alva,Rossi,alva.rossi@example.com,+46719174443,Sverige
78,Nils,Dahl,nils.dahl@example.com,+46704628865,Tyskland
79,Oskar,Rossi,oskar.rossi@example.com,+46765020556,Finland
80,Elin,Makinen,elin.makinen@example.com,+46718611803,Norge
81,Oskar,Muller,oskar.muller@example.com,+46715478613,Nederlanderna
82,Karl,Dahl,karl.dahl@example.com,+46750142905,Finland
83,Sara,Muller,sara.muller@example.com,+46758796466,NULL
84,Kari,Nielsen,kari.nielsen@example.com,+46741420708,Tyskland
85,Samir,Lindqvist,samir.lindqvist@example.com,+46715063508,Nederlanderna
86,Lars,Karlsson,lars.karlsson@example.com,NULL,Norge
87,Elin,Gustafsson,elin.gustafsson@example.com,+46700817449,Sverige
88,Karl,Persson,karl.persson@example.com,+46727806854,Tyskland
89,Lena,Berg,lena.berg@example.com,+46730829745,Nederlanderna
90,Hans,Makinen,hans.makinen@example.com,+46709504038,Nederlanderna
91,Oskar,Hansen,oskar.hansen@example.com,+46766111936,Sverige
92,Oskar,Muller,oskar.muller@example.com,+46715478613,Nederlanderna
93,Hans,Svensson,hans.svensson@example.com,+46723669738,Finland
94,Omar,Jensen,omar.jensen@example.com,+46705542784,Tyskland
