ticket_id,match_id,spectator_id,ticket_class,ticket_price,purchase_date,seat_number,payment_method
1,1,13,Standard,390.00,2025-11-25,8E,Kort
2,1,67,Standard,390.00,2026-02-07,1C,Kontant
3,1,32,Standard,390.00,2025-12-26,19A,Kort
4,1,39,Standard,390.00,2026-01-04,23A,Swish
5,1,55,Standard,450.00,2025-11-19,15E,Swish
6,2,55,Standard,390.00,2026-02-11,4C,Faktura
7,3,89,VIP,1600.00,2025-11-03,13D,Swish
8,3,80,Standard,320.00,2026-01-01,22F,Faktura
9,3,83,Standard,390.00,2026-02-23,1F,Faktura
10,3,26,Standard,390.00,2026-01-26,6E,Kontant
11,4,34,Standard,240.00,2025-12-26,1C,Kort
12,4,54,Standard,240.00,2025-11-04,11F,Kort
13,4,66,VIP,890.00,2026-01-05,9F,Kort
14,4,21,Standard,390.00,2026-02-14,9D,Faktura
15,4,28,Standard,390.00,2025-12-14,24A,Faktura
16,4,46,Standard,320.00,2026-01-06,21F,Swish
17,5,66,Standard,240.00,2025-12-29,5D,Kontant
18,5,51,Standard,-320.00,2025-11-27,10D,Kontant
19,5,83,Standard,390.00,2025-11-20,17E,Swish
20,5,27,Standard,390.00,2026-03-18,8C,Faktura
21,5,5,VIP,1600.00,2025-12-14,6D,Swish
22,5,64,Standard,240.00,2026-02-16,1B,Kontant
23,6,66,Standard,390.00,2025-12-13,15E,Faktura
24,6,17,Standard,240.00,2025-12-05,5A,Kort
25,6,2,VIP,1250.00,2026-03-19,29F,Kort
26,6,83,Standard,180.00,2026-01-24,27D,Faktura
27,6,8,Standard,390.00,2025-11-13,26B,Swish
28,7,69,Standard,240.00,2026-01-29,2D,Swish
29,7,44,VIP,1250.00,2025-11-26,20D,Kontant
30,7,4,Standard,390.00,2025-11-23,2A,Kontant
31,7,14,Standard,450.00,2025-12-17,27E,Faktura
32,7,22,Standard,390.00,2026-02-18,9E,Kort
33,8,22,Standard,450.00,2026-03-03,23F,Kort
34,8,39,Standard,180.00,2026-01-12,7C,Kontant
35,8,25,VIP,1250.00,2026-02-05,4D,Kontant
36,8,82,Standard,180.00,2025-11-12,26C,Faktura
37,9,80,Standard,180.00,2025-11-25,18A,Faktura
38,9,88,Standard,240.00,2025-11-13,8F,Faktura
39,10,65,Standard,240.00,2025-11-14,10F,Swish
40,11,25,VIP,1600.00,2026-02-19,28D,Faktura
41,11,26,Standard,240.00,2025-12-07,28C,Faktura
42,11,25,VIP,1600.00,2026-01-25,5F,Faktura
43,12,93,Standard,180.00,2026-01-15,19C,Kort
44,12,9,Standard,240.00,2026-02-17,30D,Kort
45,12,45,Standard,450.00,2025-11-21,16A,Swish
46,12,91,Standard,180.00,2026-01-14,22D,Kontant
47,13,31,Standard,450.00,2025-12-14,21D,Faktura
48,13,22,Standard,180.00,2026-02-05,15C,Swish
49,13,21,Standard,450.00,2026-03-07,8B,Faktura
50,14,47,Standard,320.00,2025-12-10,7F,Swish
51,14,13,Standard,320.00,2025-11-14,29D,Kontant
52,14,35,Standard,320.00,2026-02-07,22E,Kontant
53,15,64,Standard,390.00,2025-12-23,15C,Faktura
54,15,21,VIP,890.00,2026-01-01,8A,Swish
55,16,52,Standard,180.00,2025-11-23,16A,Kontant
56,16,34,Standard,320.00,2025-11-10,25D,Kort
57,16,49,Standard,450.00,2025-11-27,24B,Kort
58,16,1,Standard,390.00,2025-11-09,15B,Swish
59,16,23,Standard,450.00,2025-12-15,20A,Kontant
60,16,60,Standard,240.00,2026-02-13,19A,NULL
61,17,48,Standard,320.00,2025-12-23,10F,Faktura
62,17,42,VIP,1250.00,2025-12-03,29F,Faktura
63,17,73,Standard,450.00,2026-02-03,28B,Faktura
64,18,38,Standard,390.00,2026-01-03,29A,Swish
65,18,41,Standard,180.00,2026-03-08,10F,Swish
66,19,38,Standard,240.00,2025-11-27,15D,Faktura
67,19,6,Standard,240.00,2026-02-20,27A,Faktura
68,19,6,Standard,390.00,2026-01-17,28A,Faktura
69,20,29,Standard,240.00,2026-02-12,12B,Swish
70,20,79,VIP,890.00,2025-11-22,22E,Kort
71,20,29,Standard,180.00,2026-03-02,15C,Swish
72,21,51,Standard,450.00,2026-02-26,11C,Kontant
73,21,70,Standard,450.00,2026-03-04,6A,Swish
74,21,68,Standard,240.00,2026-01-22,4E,Kontant
75,21,33,Standard,240.00,2025-11-26,23A,Faktura
76,22,38,Standard,320.00,2026-02-04,20C,Swish
77,22,32,Standard,450.00,2026-01-26,16A,Faktura
78,23,88,VIP,1600.00,2026-02-05,24B,Kontant
79,24,43,Standard,320.00,2026-01-27,26E,Kort
80,24,31,Standard,180.00,2025-12-11,27E,Kort
81,25,74,Standard,320.00,2026-01-25,29F,Faktura
82,25,10,Standard,320.00,2026-02-28,5D,Kontant
83,25,2,VIP,1600.00,2026-02-20,15F,NULL
84,25,22,Standard,450.00,2026-03-12,10E,Swish
85,26,43,Standard,320.00,2026-01-29,17C,NULL
86,26,40,Standard,450.00,2026-02-07,6E,Swish
87,26,50,VIP,1600.00,2025-11-23,11A,Faktura
88,26,18,VIP,1600.00,2026-02-07,27C,NULL
89,26,31,Standard,450.00,2025-12-26,30F,Faktura
90,27,83,Standard,450.00,2026-01-19,12F,Swish
91,28,43,Standard,240.00,2025-12-08,20F,Kort
92,29,88,Standard,390.00,2026-02-12,20C,Faktura
93,29,7,Standard,320.00,2026-02-25,13A,Kontant
94,29,92,Standard,390.00,2026-02-14,20D,Kort
95,29,70,Standard,180.00,2026-02-28,2F,Kort
96,29,67,Standard,390.00,2026-01-29,10F,Swish
97,29,14,Standard,320.00,2026-01-23,16A,Swish
98,30,82,Standard,320.00,2026-02-07,28F,Kort
99,31,69,Standard,390.00,2026-03-06,2B,Kort
100,32,29,VIP,1600.00,2026-03-12,16F,Faktura
101,32,91,Standard,320.00,2025-12-24,14D,Kontant
102,33,16,Standard,320.00,2025-12-27,21E,Kontant
103,33,27,Standard,320.00,2025-12-11,23F,Faktura
104,33,79,Standard,450.00,2026-03-03,28C,Kontant
105,34,8,Standard,180.00,2026-01-30,1E,Swish
106,34,2,Standard,390.00,2026-01-04,7A,Swish
107,34,15,Standard,180.00,2025-11-18,1E,Faktura
108,34,90,VIP,-1600.00,2025-12-16,18C,Swish
109,35,65,Standard,180.00,2026-01-05,25D,Kort
110,36,53,Standard,240.00,2025-12-05,12D,Faktura
111,36,59,Standard,450.00,2025-12-19,17B,Swish
112,36,10,Standard,180.00,2025-11-30,28B,Kontant
113,37,6,Standard,240.00,2026-03-18,7F,Kontant
114,37,46,Standard,390.00,2026-01-19,6C,Kontant
115,37,30,Standard,450.00,2026-02-15,7B,Swish
116,37,92,Standard,180.00,2026-03-11,10A,Swish
117,38,20,Standard,450.00,2025-12-26,16F,Swish
118,39,15,Standard,390.00,2025-12-05,3C,Kontant
119,39,43,Standard,240.00,2025-12-13,28C,Swish
120,39,13,Standard,180.00,2025-11-30,29A,Kort
121,39,44,Standard,450.00,2026-01-15,14B,Kontant
122,39,52,VIP,1250.00,2026-03-02,17A,Kontant
123,40,73,Standard,450.00,2025-11-26,5F,Kontant
124,40,29,Standard,180.00,2026-02-14,23F,Kort
125,40,91,Standard,450.00,2026-01-15,2A,Kort
126,40,79,Standard,390.00,2026-02-01,22B,Faktura
127,41,22,Standard,180.00,2026-03-01,15D,Kontant
128,41,32,Standard,240.00,2026-02-02,20E,Kort
129,41,31,Standard,390.00,2025-11-26,14F,Kort
130,41,65,Standard,320.00,2025-12-18,14A,Swish
131,41,87,Standard,390.00,2026-02-22,21B,Kort
132,41,74,Standard,180.00,2026-03-14,21A,Kort
133,42,58,Standard,180.00,2026-02-19,27C,Kontant
134,42,58,Standard,180.00,2026-02-14,3A,Kort
135,42,46,Standard,390.00,2026-01-04,22B,Kontant
136,42,80,VIP,1250.00,2025-12-17,19F,Kontant
137,42,70,Standard,320.00,2026-01-20,25C,Faktura
138,43,45,Standard,240.00,2026-01-27,16A,Faktura
139,43,11,Standard,450.00,2025-11-25,7C,Kort
140,43,33,Standard,240.00,2026-01-30,10E,Faktura
141,44,38,Standard,240.00,2026-01-04,14C,Faktura
142,44,9,Standard,240.00,2025-11-23,8D,NULL
143,45,6,VIP,890.00,2026-03-19,30B,Kort
144,45,19,Standard,180.00,2025-12-26,19B,Kort
145,45,61,Standard,450.00,2025-12-10,17D,Kontant
146,46,62,VIP,890.00,2026-03-14,4F,Kort
147,46,50,VIP,1600.00,2026-02-11,28A,Faktura
148,47,16,Standard,390.00,2025-12-22,7A,Kontant
149,47,66,Standard,240.00,2026-02-06,1D,Kort
150,47,73,Standard,320.00,2026-03-02,2A,Swish
151,47,3,Standard,320.00,2025-12-11,3D,Kontant
152,48,73,Standard,180.00,2026-02-08,7E,Kontant
153,49,43,Standard,450.00,2026-02-19,1F,Kort
154,49,84,Standard,180.00,2026-01-28,9A,Kontant
155,49,19,Standard,240.00,2026-01-14,5A,NULL
156,50,74,Standard,390.00,2026-02-16,26C,Kort
157,50,78,VIP,1600.00,2025-12-16,20C,Faktura
158,50,1,Standard,180.00,2026-02-14,25A,Swish
159,51,82,Standard,180.00,2026-03-12,15A,Kontant
160,51,10,VIP,1600.00,2026-01-22,21D,Kort
161,51,6,Standard,320.00,2026-01-03,29D,Kort
162,51,14,Standard,240.00,2026-03-22,7A,Swish
163,51,62,Standard,180.00,2026-02-23,6F,Swish
164,52,51,Standard,450.00,2026-03-16,27E,Kort
165,52,26,Standard,390.00,2026-03-15,3B,Swish
166,52,92,Standard,240.00,2026-03-04,7A,Faktura
167,52,86,Standard,390.00,2026-01-22,27C,Faktura
168,53,44,Standard,450.00,2025-12-03,6C,NULL
169,53,51,Standard,240.00,2026-02-21,15B,Kort
170,53,66,Standard,180.00,2026-03-03,19D,Faktura
171,53,29,Standard,180.00,2025-12-12,6C,Kontant
172,53,81,Standard,450.00,2026-02-10,20D,Faktura
173,53,33,Standard,180.00,2026-03-03,10B,Swish
174,54,8,Standard,180.00,2026-02-21,14B,Kort
175,54,13,VIP,890.00,2026-03-12,10F,Faktura
176,55,13,Standard,320.00,2026-02-19,19C,Kontant
177,55,62,Standard,320.00,2026-03-05,29E,Faktura
178,55,76,Standard,390.00,2026-01-29,12B,NULL
179,55,80,Standard,180.00,2026-01-07,29C,Swish
180,56,67,Standard,390.00,2026-02-02,30F,Kort
181,56,6,Standard,450.00,2026-01-07,21D,Faktura
182,56,52,Standard,320.00,2026-01-17,25C,Swish
183,56,68,Standard,320.00,2025-12-07,15A,Faktura
184,56,45,VIP,890.00,2025-11-30,15E,Kort
185,56,93,VIP,1250.00,2025-12-08,8B,Faktura
186,57,44,VIP,890.00,2025-12-02,2A,Kort
187,57,78,Standard,240.00,2026-02-27,25E,Kontant
188,58,67,Standard,240.00,2026-02-12,28E,Faktura
189,58,82,VIP,1600.00,2026-03-12,15C,Kontant
190,58,20,Standard,450.00,2025-12-30,16B,Kontant
191,58,58,Standard,320.00,2026-01-09,6E,Faktura
192,58,37,VIP,1600.00,2025-12-11,27B,Kontant
193,58,84,Standard,240.00,2026-02-14,24E,Kort
194,59,29,Standard,240.00,2026-01-20,23C,Swish
195,59,63,Standard,180.00,2026-03-14,8E,Kontant
196,59,47,Standard,450.00,2026-01-09,24F,Kontant
197,59,53,Standard,180.00,2026-03-16,30B,Kontant
198,59,52,VIP,1250.00,2026-03-11,25A,Kort
199,60,61,Standard,450.00,2026-01-13,9F,Faktura
200,60,35,Standard,390.00,2026-03-19,20D,Kort
201,60,54,Standard,180.00,2026-03-23,3E,Faktura
202,60,87,Standard,390.00,2026-02-11,22B,Faktura
203,60,13,VIP,1250.00,2026-01-10,16A,Kort
204,61,13,Standard,390.00,2026-03-04,28C,Kontant
205,61,54,Standard,320.00,2026-02-24,17D,Kontant
206,61,4,Standard,240.00,2026-02-12,20B,Faktura
207,61,21,VIP,890.00,2026-02-08,26B,Swish
208,62,75,Standard,390.00,2026-02-27,1F,Kontant
209,63,46,Standard,450.00,2026-02-03,28D,Faktura
210,63,57,Standard,240.00,2026-02-12,22C,Faktura
211,63,76,Standard,240.00,2026-01-26,22E,Kontant
212,63,54,VIP,1600.00,2026-03-14,24C,Faktura
213,63,86,Standard,180.00,2026-01-01,17C,Kontant
214,64,86,Standard,390.00,2026-02-21,3A,Swish
215,64,91,Standard,390.00,2026-03-29,26E,Swish
216,64,36,VIP,1250.00,2025-12-24,27F,Faktura
217,64,68,VIP,1250.00,2026-02-26,6C,Kort
218,65,51,Standard,450.00,2026-02-18,1E,Swish
219,65,75,VIP,1250.00,2026-03-09,28F,Faktura
220,66,64,VIP,1250.00,2026-02-24,30B,Faktura
221,66,16,Standard,320.00,2026-04-01,19E,Swish
222,66,11,Standard,450.00,2025-12-23,5D,Kontant
223,66,94,Standard,390.00,2026-02-01,23E,Swish
224,67,45,VIP,1250.00,2026-01-13,9A,Swish
225,68,62,Standard,320.00,2026-02-10,1F,Faktura
226,68,74,Standard,320.00,2025-12-27,12B,Faktura
227,68,39,Standard,320.00,2026-04-01,6F,Kontant
228,68,26,Standard,450.00,2026-01-24,5E,Faktura
229,68,15,VIP,1250.00,2026-02-12,13A,Kontant
230,68,32,Standard,320.00,2026-02-05,13B,Swish
231,69,94,Standard,320.00,2026-03-25,7C,Swish
232,70,72,Standard,-240.00,2025-12-20,22F,Kort
233,70,22,Standard,320.00,2026-01-15,25B,Kort
234,70,74,Standard,390.00,2026-01-16,5D,Swish
235,70,35,Standard,180.00,2026-03-19,6C,Kontant
236,71,54,Standard,390.00,2026-01-23,29B,Kontant
237,71,79,VIP,1250.00,2026-01-07,27A,Swish
238,71,89,Standard,320.00,2026-01-05,6D,Faktura
239,71,43,Standard,390.00,2026-04-03,18D,Faktura
240,72,30,Standard,180.00,2026-03-08,17B,Kontant
241,72,55,Standard,240.00,2026-01-05,5D,Kontant
242,73,66,Standard,450.00,2026-01-13,7D,Kort
243,73,60,Standard,240.00,2026-03-09,3E,Kort
244,73,41,Standard,320.00,2025-12-15,13A,Swish
245,73,84,VIP,1600.00,2026-01-11,3D,Kontant
246,74,40,Standard,390.00,2026-03-24,29C,Kontant
247,74,37,Standard,240.00,2025-12-30,4D,Faktura
248,75,25,VIP,890.00,2026-03-16,29A,Kontant
249,75,57,Standard,240.00,2025-12-12,25E,Swish
250,75,35,Standard,320.00,2026-02-02,10A,Kontant
251,76,51,Standard,450.00,2025-12-22,16E,Kontant
252,76,82,VIP,1250.00,2026-01-17,19A,Swish
253,77,22,VIP,890.00,2026-02-28,21C,Swish
254,77,87,Standard,320.00,2025-12-11,25C,Faktura
255,77,74,VIP,890.00,2026-03-30,6E,Swish
256,78,10,VIP,890.00,2025-12-16,27A,Kontant
257,78,78,Standard,390.00,2026-01-02,6C,Kontant
258,78,41,Standard,320.00,2026-01-14,11B,Swish
259,78,30,Standard,180.00,2025-12-25,28D,Kontant
260,78,63,Standard,180.00,2026-02-20,9A,Kontant
261,79,91,Standard,320.00,2025-12-13,6B,Swish
262,79,68,Standard,320.00,2025-12-27,22C,Kort
263,79,55,Standard,180.00,2026-03-20,27A,Kort
264,79,42,Standard,320.00,2026-01-10,12A,Kontant
265,79,4,Standard,450.00,2026-01-01,9A,Swish
266,79,12,Standard,320.00,2025-12-21,3B,Kontant
267,80,27,Standard,390.00,2026-01-02,22E,Kort
268,80,38,Standard,180.00,2026-02-28,25A,Kort
269,80,36,Standard,240.00,2026-02-07,29D,Kontant
270,81,47,Standard,180.00,2026-02-06,14E,Swish
271,81,83,Standard,390.00,2026-02-17,27D,Faktura
272,81,23,Standard,390.00,2026-01-07,26E,Faktura
273,81,24,Standard,450.00,2025-12-15,9F,Kontant
274,81,75,Standard,240.00,2026-02-18,30F,Kort
275,82,67,Standard,240.00,2026-02-23,11C,Kontant
276,82,50,Standard,390.00,2026-02-18,27F,Faktura
277,82,93,Standard,180.00,2026-03-31,8C,Kontant
278,83,74,Standard,390.00,2026-03-13,28E,Faktura
279,83,24,Standard,320.00,2026-01-08,5A,Faktura
280,84,9,Standard,180.00,2026-01-09,14B,Faktura
281,84,48,VIP,1600.00,2026-02-16,17D,Faktura
282,84,46,Standard,240.00,2026-02-20,19E,Swish
283,84,36,VIP,1250.00,2026-03-08,11F,Kontant
284,85,48,Standard,240.00,2026-02-17,13F,Faktura
285,85,1,Standard,390.00,2026-01-02,12B,Kontant
286,85,28,Standard,240.00,2026-04-12,23E,Faktura
287,86,4,Standard,450.00,2026-03-29,21D,Kontant
288,86,9,Standard,390.00,2026-02-28,2D,Faktura
289,86,38,Standard,390.00,2026-02-26,5F,Kort
290,87,23,Standard,320.00,2026-03-23,10B,Faktura
291,87,30,Standard,180.00,2025-12-22,11C,Kontant
292,88,4,Standard,240.00,2025-12-19,9B,Kort
293,88,56,VIP,1250.00,2026-04-08,24C,Kontant
294,88,76,Standard,450.00,2026-04-11,18B,NULL
295,88,29,Standard,450.00,2026-02-17,12B,Kontant
296,88,33,VIP,1600.00,2026-01-13,16E,Faktura
297,89,62,Standard,450.00,2026-01-12,5F,Kort
298,89,74,Standard,320.00,2026-03-07,28C,Swish
299,90,20,Standard,180.00,2026-03-27,21F,Kort
300,90,11,Standard,320.00,2026-01-22,29E,Swish
301,90,94,VIP,890.00,2026-03-07,10F,Faktura
302,90,37,Standard,450.00,2026-01-09,29B,Kontant
303,91,61,Standard,240.00,2026-01-02,1E,Kort
304,91,85,Standard,390.00,2026-02-08,19E,Kort
305,91,88,VIP,1250.00,2026-02-16,5D,Faktura
306,91,91,Standard,240.00,2026-01-26,11A,Kort
307,91,58,Standard,450.00,2026-04-24,26A,NULL
308,92,27,Standard,180.00,2026-03-22,8F,Kort
309,92,33,Standard,240.00,2025-12-29,8F,Swish
310,92,91,VIP,890.00,2026-02-09,28A,Faktura
311,92,55,Standard,240.00,2026-01-22,20F,Kontant
312,92,10,Standard,390.00,2026-03-28,24A,Kontant
313,92,33,Standard,320.00,2026-01-05,19B,Faktura
314,93,22,Standard,450.00,2026-02-02,18C,Swish
315,93,36,Standard,320.00,2025-12-27,16D,Kort
316,93,29,Standard,390.00,2026-01-16,28F,Faktura
317,93,50,Standard,320.00,2026-03-10,30B,Faktura
318,93,50,Standard,180.00,2026-04-13,24B,Kontant
319,93,83,Standard,180.00,2026-03-17,15C,Swish
320,94,66,Standard,450.00,2026-02-06,16D,Kort
321,94,43,Standard,450.00,2026-03-27,8A,Faktura
322,94,59,Standard,320.00,2026-01-06,8C,Kort
323,95,93,Standard,320.00,2026-04-19,27F,Faktura
324,96,64,Standard,450.00,2026-03-30,12F,Kort
325,96,93,Standard,390.00,2026-03-05,9B,NULL
326,96,2,VIP,0.00,2026-03-11,25C,Kontant
327,96,78,Standard,390.00,2026-04-07,30A,Swish
328,97,92,Standard,390.00,2026-03-28,27F,Kontant
329,97,94,Standard,390.00,2026-03-15,4D,Faktura
330,97,36,Standard,390.00,2026-02-24,27E,Kontant
331,97,92,Standard,320.00,2026-04-10,12E,Swish
332,97,4,Standard,240.00,2026-02-11,8F,Kontant
333,98,72,Standard,180.00,2026-01-04,16B,Kort
334,98,90,VIP,1600.00,2026-01-31,14D,Swish
335,98,31,Standard,240.00,2026-02-28,13B,Faktura
336,98,38,Standard,320.00,2026-01-21,27C,Swish
337,99,57,Standard,180.00,2026-02-04,27A,Kort
338,99,27,Standard,180.00,2026-02-27,21B,Swish
339,100,33,Standard,390.00,2026-03-17,27D,Kontant
340,100,64,Standard,240.00,2026-02-23,29C,Kontant
341,100,10,Standard,320.00,2026-02-21,18F,Faktura
342,100,32,Standard,320.00,2026-02-02,26D,Kort
343,100,31,Standard,450.00,2026-04-03,20C,Kort
344,101,37,VIP,1250.00,2026-04-10,18E,Swish
345,101,72,VIP,1250.00,2026-03-30,9E,Swish
346,101,15,Standard,180.00,2026-01-05,8E,Swish
347,101,75,Standard,450.00,2026-01-30,14E,Faktura
348,102,28,Standard,320.00,2026-02-25,26D,NULL
349,102,94,VIP,1600.00,2025-12-30,15A,Faktura
350,102,28,Standard,390.00,2026-01-05,4C,Swish
351,103,36,Standard,240.00,2026-03-18,4C,Kontant
352,103,54,Standard,390.00,2026-01-16,15B,Kort
353,103,91,Standard,180.00,2026-04-17,16D,Kort
354,103,61,Standard,390.00,2026-03-25,14F,Swish
355,103,31,Standard,240.00,2026-02-01,28B,Swish
356,104,87,Standard,390.00,2026-01-22,17C,Kort
357,104,66,Standard,240.00,2026-01-19,14E,Kontant
358,104,41,Standard,320.00,2026-02-02,6A,Faktura
359,105,70,Standard,320.00,2026-03-05,16F,Kort
360,106,58,Standard,240.00,2026-04-19,5B,Kontant
361,106,24,Standard,240.00,2026-04-16,16F,Kort
362,106,79,Standard,180.00,2026-04-07,2C,Kort
363,106,6,Standard,390.00,2026-04-07,29F,Faktura
364,106,27,Standard,450.00,2026-02-16,28A,NULL
365,106,65,Standard,450.00,2026-02-17,30A,Faktura
366,107,64,Standard,390.00,2026-03-31,11F,Swish
367,107,75,VIP,1600.00,2026-03-21,20B,Kort
368,107,61,Standard,320.00,2026-02-24,23C,Faktura
369,107,58,Standard,390.00,2026-02-02,27B,Swish
370,107,8,Standard,320.00,2026-04-02,29F,Kort
371,107,94,Standard,180.00,2026-03-09,3A,Kontant
372,108,27,Standard,180.00,2026-02-28,3F,Kontant
373,108,55,VIP,890.00,2026-04-10,6A,Kort
374,108,7,Standard,390.00,2026-01-08,19B,Kort
375,108,53,Standard,450.00,2026-03-23,22A,Kontant
376,108,28,Standard,390.00,2025-12-31,13D,Kontant
377,108,83,Standard,450.00,2026-02-15,27F,Swish
378,109,63,Standard,180.00,2026-03-16,21D,Faktura
379,110,41,Standard,240.00,2026-01-03,29F,Kort
380,110,81,Standard,390.00,2026-01-20,21A,Swish
381,111,37,Standard,320.00,2026-04-10,22E,Kort
382,111,55,Standard,320.00,2026-02-01,22A,Swish
383,112,74,Standard,390.00,2026-02-11,1B,Swish
384,113,3,Standard,180.00,2026-04-07,5D,Faktura
385,113,1,VIP,1250.00,2026-01-26,27E,Faktura
386,114,75,Standard,180.00,2026-02-07,25E,Swish
387,114,3,Standard,180.00,2026-02-13,29C,Kort
388,115,13,Standard,320.00,2026-01-16,9C,Kort
389,116,75,Standard,240.00,2026-04-29,14A,Kort
390,116,44,Standard,390.00,2026-04-03,17B,Faktura
391,116,32,Standard,450.00,2026-01-23,27C,Kontant
392,117,40,Standard,240.00,2026-03-28,5E,Swish
393,117,73,Standard,180.00,2026-04-27,23E,Swish
394,117,73,Standard,320.00,2026-03-03,28D,Kort
395,117,72,VIP,1600.00,2026-04-19,10E,Kontant
396,118,90,Standard,320.00,2026-04-25,1C,Kontant
397,118,90,Standard,390.00,2026-03-26,27E,Swish
398,118,24,Standard,180.00,2026-05-01,5F,Swish
399,118,9,Standard,390.00,2026-04-11,7C,Kontant
400,118,36,Standard,180.00,2026-02-15,15E,Faktura
401,118,47,Standard,450.00,2026-03-04,12B,Kort
402,119,27,VIP,890.00,2026-04-05,24A,Swish
403,119,18,Standard,320.00,2026-04-21,24C,Kontant
404,120,23,Standard,240.00,2026-01-06,28D,Kort
405,120,1,Standard,450.00,2026-04-01,24E,Kort
406,120,6,VIP,1250.00,2026-01-12,24E,Faktura
407,120,23,VIP,1600.00,2026-04-15,26D,Faktura
408,120,66,Standard,390.00,2026-01-28,9E,Kort
409,121,80,Standard,320.00,2026-01-28,27C,Kontant
410,121,19,Standard,180.00,2026-02-02,2B,Faktura
411,121,86,Standard,390.00,2026-04-18,26A,Kort
412,122,82,Standard,450.00,2026-02-15,21E,Kort
413,122,63,Standard,240.00,2026-03-14,5B,Kort
414,122,10,Standard,450.00,2026-05-01,3E,Faktura
415,122,19,Standard,180.00,2026-03-07,12B,Swish
416,123,50,Standard,320.00,2026-01-17,27E,Swish
417,123,31,Standard,320.00,2026-01-19,30D,Kontant
418,123,45,Standard,450.00,2026-05-03,21D,Faktura
419,123,3,Standard,320.00,2026-01-26,23B,Kort
420,124,38,Standard,240.00,2026-02-14,30F,Kontant
421,124,10,Standard,240.00,2026-03-24,5A,Kontant
422,124,88,Standard,450.00,2026-04-03,2A,Kontant
423,124,21,Standard,320.00,2026-03-21,5F,Swish
424,124,47,Standard,180.00,2026-02-25,25D,Swish
425,125,57,Standard,450.00,2026-01-29,4A,Kort
426,125,43,Standard,240.00,2026-04-01,15A,Faktura
427,125,85,Standard,390.00,2026-05-01,25E,Faktura
428,125,30,Standard,240.00,2026-03-13,8B,Faktura
429,125,74,Standard,390.00,2026-04-21,8A,Swish
430,126,91,Standard,450.00,2026-03-16,27A,Faktura
431,127,64,Standard,390.00,2026-03-12,18B,Swish
432,127,86,VIP,1250.00,2026-04-25,10C,Faktura
433,128,91,Standard,450.00,2026-02-05,22D,Swish
434,129,56,Standard,320.00,2026-04-18,4C,Kort
435,129,12,Standard,320.00,2026-03-26,26E,NULL
436,129,60,Standard,450.00,2026-01-24,23F,NULL
437,129,9,Standard,240.00,2026-03-22,12E,Faktura
438,129,35,Standard,450.00,2026-03-06,21C,Kontant
439,130,4,VIP,1600.00,2026-01-14,15C,Kontant
440,130,81,Standard,180.00,2026-02-25,5B,Kort
441,130,70,Standard,450.00,2026-03-30,22F,NULL
442,131,6,VIP,1250.00,2026-01-13,13E,Swish
443,131,60,Standard,390.00,2026-01-23,6C,Swish
444,132,2,VIP,1250.00,2026-01-29,22D,Faktura
445,133,79,VIP,1600.00,2026-03-22,13E,Kort
446,133,37,Standard,390.00,2026-01-11,16F,Swish
447,133,67,Standard,450.00,2026-03-20,5B,Faktura
448,133,60,VIP,1250.00,2026-01-24,17A,Kort
449,134,54,VIP,1250.00,2026-02-03,13B,Kontant
450,134,91,Standard,450.00,2026-01-17,24A,Kontant
451,134,50,Standard,390.00,2026-03-30,17E,Kort
452,134,91,Standard,390.00,2026-04-12,5F,Kontant
453,135,42,Standard,320.00,2026-05-10,4A,Faktura
454,135,42,Standard,390.00,2026-03-31,5B,Faktura
455,135,16,Standard,240.00,2026-04-25,15F,Faktura
456,136,15,Standard,320.00,2026-01-23,18D,Kort
457,136,6,Standard,390.00,2026-03-30,20E,Kort
458,136,57,VIP,1250.00,2026-04-18,16D,Swish
459,136,40,VIP,1600.00,2026-04-25,9F,Kort
460,136,93,Standard,180.00,2026-04-09,19C,NULL
461,136,5,Standard,180.00,2026-02-09,20F,Faktura
462,137,23,Standard,450.00,2026-03-06,26A,Kontant
463,138,88,Standard,240.00,2026-04-05,8B,Swish
464,138,13,VIP,1600.00,2026-05-02,11C,Kontant
465,138,91,Standard,390.00,2026-04-30,11D,Faktura
466,138,34,Standard,450.00,2026-02-11,25F,Swish
467,138,19,VIP,890.00,2026-03-21,7D,Kort
468,138,28,VIP,1600.00,2026-01-24,17A,Kort
469,139,13,Standard,320.00,2026-04-08,22E,Faktura
470,140,86,Standard,320.00,2026-04-07,11B,Kontant
471,140,62,Standard,390.00,2026-04-18,6B,Faktura
472,141,93,Standard,180.00,2026-03-06,21B,Swish
473,141,85,Standard,450.00,2026-03-04,5A,Faktura
474,141,94,Standard,240.00,2026-05-07,7A,Swish
475,142,86,Standard,180.00,2026-04-05,11F,Swish
476,142,13,Standard,180.00,2026-02-04,13B,Faktura
477,142,61,Standard,240.00,2026-05-13,26F,Kontant
478,143,67,Standard,320.00,2026-04-19,18C,Kontant
479,143,13,Standard,450.00,2026-04-10,26D,Kontant
480,144,65,Standard,180.00,2026-04-23,8C,Faktura
481,145,13,Standard,390.00,2026-01-22,9D,Kontant
482,145,80,VIP,1600.00,2026-04-24,10F,Swish
483,145,2,Standard,390.00,2026-05-23,7F,Kontant
484,145,50,Standard,450.00,2026-04-07,16A,Swish
485,145,28,Standard,320.00,2026-01-20,7C,Kontant
486,145,20,Standard,240.00,2026-04-04,9D,Swish
487,146,54,Standard,320.00,2026-04-11,7B,Kort
488,146,65,VIP,890.00,2026-03-12,11D,Faktura
489,146,71,Standard,390.00,2026-05-05,26F,Swish
490,146,41,Standard,450.00,2026-04-10,2D,Swish
491,147,78,Standard,390.00,2026-02-22,12E,Kontant
492,147,39,Standard,320.00,2026-03-13,14C,Kontant
493,147,59,Standard,320.00,2026-02-11,17E,Kort
494,147,76,VIP,1600.00,2026-04-29,15A,Kontant
495,147,48,Standard,240.00,2026-03-31,21F,Kontant
496,148,32,VIP,1250.00,2026-02-03,11F,Kontant
497,148,51,Standard,180.00,2026-04-21,28B,Faktura
498,148,32,Standard,390.00,2026-05-04,26B,Kort
499,148,8,Standard,180.00,2026-04-28,30E,Kontant
500,148,45,Standard,180.00,2026-03-19,27B,Kontant
501,149,31,Standard,320.00,2026-03-10,22F,Kontant
502,149,60,Standard,180.00,2026-03-28,9E,Faktura
503,149,55,Standard,390.00,2026-02-18,18A,Faktura
504,150,82,Standard,180.00,2026-05-18,14D,Swish
505,150,69,Standard,390.00,2026-04-30,3F,Swish
506,150,94,Standard,320.00,2026-05-03,23A,Faktura
507,150,49,VIP,1600.00,2026-03-08,1C,Kort
508,151,59,Standard,240.00,2026-03-11,12A,Swish
509,151,59,Standard,320.00,2026-03-10,22B,Swish
510,151,35,Standard,180.00,2026-04-08,4F,Kort
511,151,53,VIP,890.00,2026-01-30,29D,Kort
512,151,72,VIP,1600.00,2026-03-28,1A,Kontant
513,152,2,Standard,240.00,2026-03-28,4E,Swish
514,152,94,Standard,390.00,2026-05-17,15D,Swish
515,152,37,Standard,240.00,2026-02-12,26B,Swish
516,153,92,Standard,390.00,2026-03-08,27C,Kontant
517,153,87,Standard,180.00,2026-05-01,8B,Faktura
518,153,78,Standard,320.00,2026-04-14,10A,Faktura
519,153,94,VIP,890.00,2026-03-01,21C,Kort
520,153,40,Standard,320.00,2026-03-11,6F,Kontant
521,153,85,Standard,240.00,2026-03-14,25C,Kort
522,154,52,Standard,320.00,2026-02-13,23A,Swish
523,154,19,Standard,320.00,2026-04-21,8A,Faktura
524,154,86,Standard,180.00,2026-01-26,17A,NULL
525,155,19,Standard,180.00,2026-03-10,25A,Faktura
526,155,94,Standard,240.00,2026-01-29,28D,Kort
527,155,7,Standard,180.00,2026-02-21,30D,Kontant
528,155,18,Standard,450.00,2026-02-23,18A,Kontant
529,155,54,Standard,180.00,2026-05-09,25B,Kontant
530,156,47,Standard,180.00,2026-04-20,4C,Swish
531,156,19,Standard,240.00,2026-05-07,15C,Swish
532,156,21,Standard,390.00,2026-01-31,26A,Swish
533,156,7,Standard,450.00,2026-03-14,8F,Faktura
534,156,42,Standard,240.00,2026-01-29,23E,Faktura
535,157,85,VIP,1250.00,2026-03-19,26B,Kontant
536,158,6,Standard,450.00,2026-02-13,25D,Faktura
537,158,47,Standard,450.00,2026-03-13,26C,Faktura
538,158,59,Standard,320.00,2026-05-04,28E,Kort
539,159,86,Standard,180.00,2026-03-10,4B,NULL
540,159,48,Standard,450.00,2026-03-22,12B,Swish
541,159,37,Standard,450.00,2026-03-24,19F,Swish
542,160,5,Standard,320.00,2026-03-10,28B,Faktura
543,160,85,Standard,240.00,2026-05-12,18D,Faktura
544,160,65,Standard,180.00,2026-01-30,24B,Faktura
545,160,36,Standard,450.00,2026-03-21,8C,Kontant
546,161,64,Standard,320.00,2026-03-10,30C,Swish
547,161,80,Standard,450.00,2026-04-26,20C,Kort
548,161,13,Standard,240.00,2026-05-19,3D,Swish
549,162,74,VIP,1250.00,2026-03-15,2D,Kort
550,162,32,Standard,390.00,2026-03-01,21A,Kort
551,162,61,Standard,240.00,2026-02-01,12F,Swish
552,163,82,Standard,180.00,2026-04-19,9B,Kort
553,163,40,Standard,450.00,2026-02-19,26F,Kort
554,163,12,Standard,320.00,2026-02-26,19E,Faktura
555,163,57,Standard,0.00,2026-05-04,25C,Kontant
556,163,48,VIP,1250.00,2026-04-15,17C,NULL
557,163,31,Standard,240.00,2026-02-23,15F,Faktura
558,164,4,Standard,180.00,2026-03-24,3E,Kort
559,164,11,VIP,1250.00,2026-06-15,2A,Swish
560,164,66,Standard,320.00,2026-03-04,16C,Kort
561,164,52,Standard,450.00,2026-04-19,7B,Faktura
562,164,3,Standard,240.00,2026-02-24,30C,Kort
563,165,18,VIP,890.00,2026-04-08,23B,Swish
564,165,60,Standard,320.00,2026-04-21,29A,Kort
565,166,38,Standard,320.00,2026-01-29,18E,Swish
566,166,70,Standard,320.00,2026-05-18,4C,Kontant
567,166,12,Standard,450.00,2026-01-30,26E,Swish
568,166,48,Standard,390.00,2026-01-30,8E,Kontant
569,166,60,Standard,450.00,2026-05-26,22A,Faktura
570,167,22,Standard,180.00,2026-03-29,11D,Swish
571,168,31,Standard,320.00,2026-02-09,24B,Swish
572,168,5,Standard,180.00,2026-03-24,24B,Kontant
573,169,33,Standard,320.00,2026-03-28,9F,Swish
574,169,28,Standard,180.00,2026-05-06,23F,Kontant
575,170,26,Standard,450.00,2026-05-19,14E,Faktura
576,171,18,Standard,240.00,2025-12-14,19A,Kort
577,172,52,Standard,240.00,2026-02-25,4F,Swish
578,172,33,Standard,390.00,2026-04-07,10B,Faktura
579,172,53,Standard,450.00,2026-05-06,10D,Faktura
580,53,78,Standard,450.00,2025-12-03,6C,Swish
581,146,35,Standard,450.00,2026-04-10,2D,Faktura
582,117,94,Standard,240.00,2026-03-28,5E,Kort
583,83,35,Standard,390.00,2026-03-13,28E,Swish
584,58,58,Standard,320.00,2026-01-09,6E,Kort
585,152,49,Standard,240.00,2026-02-12,26B,Swish
586,NULL,94,Standard,180.00,2026-02-01,12C,Kort
587,NULL,60,Standard,180.00,2026-02-01,12C,Kort
588,NULL,1,Standard,180.00,2026-02-01,12C,Kort
589,NULL,10,Standard,180.00,2026-02-01,12C,Kort
